[{"model": "admin.logentry", "pk": 1, "fields": {"action_time": "2025-12-08T00:52:23.776", "user": 1, "content_type": 8, "object_id": "0001", "object_repr": "mst_shop object (0001)", "action_flag": 1, "change_message": "[{\"added\": {}}]"}}, {"model": "admin.logentry", "pk": 2, "fields": {"action_time": "2025-12-08T00:52:34.867", "user": 1, "content_type": 7, "object_id": "000001", "object_repr": "管理者", "action_flag": 1, "change_message": "[{\"added\": {}}]"}}, {"model": "admin.logentry", "pk": 3, "fields": {"action_time": "2025-12-08T00:53:15.886", "user": 1, "content_type": 4, "object_id": "2", "object_repr": "市村光希", "action_flag": 1, "change_message": "[{\"added\": {}}]"}}, {"model": "admin.logentry", "pk": 4, "fields": {"action_time": "2025-12-08T00:53:54.223", "user": 1, "content_type": 4, "object_id": "2", "object_repr": "市村光希", "action_flag": 2, "change_message": "[{\"changed\": {\"fields\": [\"First name\", \"Last name\", \"Email address\"]}}]"}}, {"model": "admin.logentry", "pk": 5, "fields": {"action_time": "2025-12-08T00:54:25.814", "user": 1, "content_type": 7, "object_id": "000002", "object_repr": "市村光希", "action_flag": 1, "change_message": "[{\"added\": {}}]"}}, {"model": "admin.logentry", "pk": 6, "fields": {"action_time": "2025-12-08T00:55:10.046", "user": 1, "content_type": 10, "object_id": "000001", "object_repr": "mst_password object (000001)", "action_flag": 1, "change_message": "[{\"added\": {}}]"}}, {"model": "admin.logentry", "pk": 7, "fields": {"action_time": "2025-12-08T00:55:24.341", "user": 1, "content_type": 10, "object_id": "000002", "object_repr": "mst_password object (000002)", "action_flag": 1, "change_message": "[{\"added\": {}}]"}}, {"model": "admin.logentry", "pk": 8, "fields": {"action_time": "2025-12-08T07:50:06.803", "user": 1, "content_type": 8, "object_id": "1234", "object_repr": "mst_shop object (1234)", "action_flag": 1, "change_message": "[{\"added\": {}}]"}}, {"model": "admin.logentry", "pk": 9, "fields": {"action_time": "2025-12-08T07:50:25.058", "user": 1, "content_type": 7, "object_id": "000001", "object_repr": "市村光希", "action_flag": 1, "change_message": "[{\"added\": {}}]"}}, {"model": "admin.logentry", "pk": 10, "fields": {"action_time": "2025-12-08T08:18:48.896", "user": 1, "content_type": 13, "object_id": "1", "object_repr": "市村光希 の 2025-12-08", "action_flag": 1, "change_message": "[{\"added\": {}}]"}}, {"model": "admin.logentry", "pk": 11, "fields": {"action_time": "2025-12-08T08:59:51.865", "user": 1, "content_type": 8, "object_id": "1234", "object_repr": "mst_shop object (1234)", "action_flag": 1, "change_message": "[{\"added\": {}}]"}}, {"model": "admin.logentry", "pk": 12, "fields": {"action_time": "2025-12-08T08:59:58.772", "user": 1, "content_type": 7, "object_id": "000001", "object_repr": "市村光希", "action_flag": 1, "change_message": "[{\"added\": {}}]"}}, {"model": "admin.logentry", "pk": 13, "fields": {"action_time": "2025-12-08T09:31:50.175", "user": 1, "content_type": 14, "object_id": "1", "object_repr": "市村光希 - 2025-12-08", "action_flag": 1, "change_message": "[{\"added\": {}}]"}}, {"model": "admin.logentry", "pk": 14, "fields": {"action_time": "2025-12-09T01:22:17.677", "user": 1, "content_type": 4, "object_id": "2", "object_repr": "市村光希", "action_flag": 2, "change_message": "[{\"changed\": {\"fields\": [\"Staff status\"]}}]"}}, {"model": "admin.logentry", "pk": 15, "fields": {"action_time": "2025-12-09T01:33:22.592", "user": 1, "content_type": 4, "object_id": "2", "object_repr": "市村光希", "action_flag": 2, "change_message": "[{\"changed\": {\"fields\": [\"Superuser status\"]}}]"}}, {"model": "admin.logentry", "pk": 16, "fields": {"action_time": "2025-12-09T01:34:29.341", "user": 2, "content_type": 15, "object_id": "1", "object_repr": "市村光希 - 月曜", "action_flag": 1, "change_message": "[{\"added\": {}}]"}}, {"model": "admin.logentry", "pk": 17, "fields": {"action_time": "2025-12-09T01:34:49.991", "user": 2, "content_type": 14, "object_id": "1", "object_repr": "市村光希 - 2025-12-08", "action_flag": 2, "change_message": "[{\"changed\": {\"fields\": [\"\\u7d42\\u4e86\\u6642\\u523b\"]}}]"}}, {"model": "admin.logentry", "pk": 18, "fields": {"action_time": "2025-12-09T01:35:30.810", "user": 2, "content_type": 14, "object_id": "2", "object_repr": "市村光希 - 2025-12-11", "action_flag": 1, "change_message": "[{\"added\": {}}]"}}, {"model": "admin.logentry", "pk": 19, "fields": {"action_time": "2025-12-09T01:35:56.656", "user": 2, "content_type": 15, "object_id": "2", "object_repr": "市村光希 - 火曜", "action_flag": 1, "change_message": "[{\"added\": {}}]"}}, {"model": "admin.logentry", "pk": 20, "fields": {"action_time": "2025-12-09T01:36:32.691", "user": 2, "content_type": 15, "object_id": "2", "object_repr": "市村光希 - 木曜", "action_flag": 2, "change_message": "[{\"changed\": {\"fields\": [\"\\u66dc\\u65e5\"]}}]"}}, {"model": "admin.logentry", "pk": 21, "fields": {"action_time": "2025-12-09T01:39:48.094", "user": 2, "content_type": 15, "object_id": "2", "object_repr": "市村光希 - 木曜", "action_flag": 3, "change_message": ""}}, {"model": "admin.logentry", "pk": 22, "fields": {"action_time": "2025-12-09T01:39:59.408", "user": 2, "content_type": 14, "object_id": "1", "object_repr": "市村光希 - 2025-12-08", "action_flag": 3, "change_message": ""}}, {"model": "admin.logentry", "pk": 23, "fields": {"action_time": "2025-12-09T01:40:24.433", "user": 2, "content_type": 14, "object_id": "3", "object_repr": "市村光希 - 2025-12-22", "action_flag": 1, "change_message": "[{\"added\": {}}]"}}, {"model": "admin.logentry", "pk": 24, "fields": {"action_time": "2025-12-09T01:41:10.448", "user": 2, "content_type": 15, "object_id": "3", "object_repr": "市村光希 - 水曜", "action_flag": 1, "change_message": "[{\"added\": {}}]"}}, {"model": "admin.logentry", "pk": 25, "fields": {"action_time": "2025-12-09T01:41:20.479", "user": 2, "content_type": 15, "object_id": "4", "object_repr": "市村光希 - 日曜", "action_flag": 1, "change_message": "[{\"added\": {}}]"}}, {"model": "admin.logentry", "pk": 26, "fields": {"action_time": "2025-12-09T02:29:43.024", "user": 2, "content_type": 4, "object_id": "3", "object_repr": "田中太郎", "action_flag": 1, "change_message": "[{\"added\": {}}]"}}, {"model": "admin.logentry", "pk": 27, "fields": {"action_time": "2025-12-09T02:30:13.449", "user": 2, "content_type": 7, "object_id": "000002", "object_repr": "田中太郎", "action_flag": 1, "change_message": "[{\"added\": {}}]"}}, {"model": "admin.logentry", "pk": 28, "fields": {"action_time": "2025-12-09T09:38:48.983", "user": 1, "content_type": 17, "object_id": "1234", "object_repr": "mst_shop object (1234)", "action_flag": 1, "change_message": "[{\"added\": {}}]"}}, {"model": "admin.logentry", "pk": 29, "fields": {"action_time": "2025-12-09T09:38:58.491", "user": 1, "content_type": 16, "object_id": "000001", "object_repr": "市村光希", "action_flag": 1, "change_message": "[{\"added\": {}}]"}}, {"model": "admin.logentry", "pk": 30, "fields": {"action_time": "2025-12-10T04:51:48.202", "user": 2, "content_type": 20, "object_id": "1", "object_repr": "trn_daily_attendance object (1)", "action_flag": 1, "change_message": "[{\"added\": {}}]"}}, {"model": "admin.logentry", "pk": 31, "fields": {"action_time": "2025-12-10T04:52:48.776", "user": 2, "content_type": 20, "object_id": "2", "object_repr": "trn_daily_attendance object (2)", "action_flag": 1, "change_message": "[{\"added\": {}}]"}}, {"model": "admin.logentry", "pk": 32, "fields": {"action_time": "2025-12-10T06:16:35.697", "user": 2, "content_type": 18, "object_id": "1", "object_repr": "市村光希 の 2025-12-12", "action_flag": 1, "change_message": "[{\"added\": {}}]"}}, {"model": "admin.logentry", "pk": 33, "fields": {"action_time": "2025-12-10T06:17:06.791", "user": 2, "content_type": 18, "object_id": "2", "object_repr": "市村光希 の 2025-12-10", "action_flag": 1, "change_message": "[{\"added\": {}}]"}}, {"model": "admin.logentry", "pk": 34, "fields": {"action_time": "2025-12-15T00:40:44.522", "user": 2, "content_type": 18, "object_id": "3", "object_repr": "市村光希 の 2025-12-05", "action_flag": 1, "change_message": "[{\"added\": {}}]"}}, {"model": "admin.logentry", "pk": 35, "fields": {"action_time": "2025-12-15T00:41:49.587", "user": 2, "content_type": 18, "object_id": "4", "object_repr": "市村光希 の 2025-12-03", "action_flag": 1, "change_message": "[{\"added\": {}}]"}}, {"model": "admin.logentry", "pk": 36, "fields": {"action_time": "2025-12-15T00:42:04.438", "user": 2, "content_type": 18, "object_id": "5", "object_repr": "市村光希 の 2025-12-01", "action_flag": 1, "change_message": "[{\"added\": {}}]"}}, {"model": "admin.logentry", "pk": 37, "fields": {"action_time": "2025-12-15T00:42:22.890", "user": 2, "content_type": 18, "object_id": "6", "object_repr": "市村光希 の 2025-12-08", "action_flag": 1, "change_message": "[{\"added\": {}}]"}}, {"model": "admin.logentry", "pk": 38, "fields": {"action_time": "2025-12-15T00:43:02.052", "user": 2, "content_type": 18, "object_id": "7", "object_repr": "市村光希 の 2025-12-19", "action_flag": 1, "change_message": "[{\"added\": {}}]"}}, {"model": "admin.logentry", "pk": 39, "fields": {"action_time": "2025-12-15T00:43:33.456", "user": 2, "content_type": 18, "object_id": "8", "object_repr": "市村光希 の 2025-12-20", "action_flag": 1, "change_message": "[{\"added\": {}}]"}}, {"model": "admin.logentry", "pk": 40, "fields": {"action_time": "2025-12-15T00:44:06.158", "user": 2, "content_type": 18, "object_id": "9", "object_repr": "市村光希 の 2025-12-16", "action_flag": 1, "change_message": "[{\"added\": {}}]"}}, {"model": "admin.logentry", "pk": 41, "fields": {"action_time": "2025-12-15T00:45:46.685", "user": 2, "content_type": 18, "object_id": "10", "object_repr": "市村光希 の 2025-12-22", "action_flag": 1, "change_message": "[{\"added\": {}}]"}}, {"model": "admin.logentry", "pk": 42, "fields": {"action_time": "2025-12-15T00:46:12.392", "user": 2, "content_type": 18, "object_id": "11", "object_repr": "市村光希 の 2025-12-23", "action_flag": 1, "change_message": "[{\"added\": {}}]"}}, {"model": "admin.logentry", "pk": 43, "fields": {"action_time": "2025-12-15T00:46:47.226", "user": 2, "content_type": 18, "object_id": "12", "object_repr": "市村光希 の 2025-12-26", "action_flag": 1, "change_message": "[{\"added\": {}}]"}}, {"model": "admin.logentry", "pk": 44, "fields": {"action_time": "2025-12-15T00:47:03.808", "user": 2, "content_type": 18, "object_id": "13", "object_repr": "市村光希 の 2025-12-27", "action_flag": 1, "change_message": "[{\"added\": {}}]"}}, {"model": "admin.logentry", "pk": 45, "fields": {"action_time": "2025-12-15T00:48:32.526", "user": 2, "content_type": 18, "object_id": "14", "object_repr": "市村光希 の 2025-12-28", "action_flag": 1, "change_message": "[{\"added\": {}}]"}}, {"model": "admin.logentry", "pk": 46, "fields": {"action_time": "2025-12-15T00:49:00.910", "user": 2, "content_type": 18, "object_id": "15", "object_repr": "市村光希 の 2025-12-31", "action_flag": 1, "change_message": "[{\"added\": {}}]"}}, {"model": "admin.logentry", "pk": 47, "fields": {"action_time": "2025-12-24T07:38:32.348", "user": 2, "content_type": 16, "object_id": "000002", "object_repr": "田中太郎", "action_flag": 1, "change_message": "[{\"added\": {}}]"}}, {"model": "admin.logentry", "pk": 48, "fields": {"action_time": "2026-01-05T02:48:15.776", "user": 2, "content_type": 18, "object_id": "16", "object_repr": "市村光希 の 2025-12-17", "action_flag": 1, "change_message": "[{\"added\": {}}]"}}, {"model": "admin.logentry", "pk": 49, "fields": {"action_time": "2026-01-06T02:18:59.064", "user": 2, "content_type": 20, "object_id": "1", "object_repr": "trn_daily_attendance object (1)", "action_flag": 2, "change_message": "[{\"changed\": {\"fields\": [\"Closing Datetime\"]}}]"}}, {"model": "admin.logentry", "pk": 50, "fields": {"action_time": "2026-01-06T02:36:06.845", "user": 2, "content_type": 20, "object_id": "1", "object_repr": "trn_daily_attendance object (1)", "action_flag": 2, "change_message": "[{\"changed\": {\"fields\": [\"Scheduled End\"]}}]"}}, {"model": "admin.logentry", "pk": 51, "fields": {"action_time": "2026-01-06T03:06:01.906", "user": 2, "content_type": 20, "object_id": "2", "object_repr": "trn_daily_attendance object (2)", "action_flag": 3, "change_message": ""}}, {"model": "admin.logentry", "pk": 52, "fields": {"action_time": "2026-01-06T03:06:29.820", "user": 2, "content_type": 20, "object_id": "1", "object_repr": "trn_daily_attendance object (1)", "action_flag": 2, "change_message": "[{\"changed\": {\"fields\": [\"Worked Hours\", \"Break Minute\"]}}]"}}, {"model": "admin.logentry", "pk": 53, "fields": {"action_time": "2026-01-06T03:06:33.649", "user": 2, "content_type": 20, "object_id": "1", "object_repr": "trn_daily_attendance object (1)", "action_flag": 2, "change_message": "[]"}}, {"model": "admin.logentry", "pk": 54, "fields": {"action_time": "2026-01-06T03:06:37.940", "user": 2, "content_type": 20, "object_id": "1", "object_repr": "trn_daily_attendance object (1)", "action_flag": 2, "change_message": "[{\"changed\": {\"fields\": [\"Break Minute\"]}}]"}}, {"model": "admin.logentry", "pk": 55, "fields": {"action_time": "2026-01-08T00:41:44.188", "user": 2, "content_type": 20, "object_id": "3", "object_repr": "trn_daily_attendance object (3)", "action_flag": 1, "change_message": "[{\"added\": {}}]"}}, {"model": "admin.logentry", "pk": 56, "fields": {"action_time": "2026-01-08T06:47:18.043", "user": 2, "content_type": 18, "object_id": "16", "object_repr": "市村光希 の 2025-12-17", "action_flag": 2, "change_message": "[]"}}, {"model": "admin.logentry", "pk": 57, "fields": {"action_time": "2026-01-09T05:43:06.476", "user": 2, "content_type": 21, "object_id": "1", "object_repr": "市村光希 - 2025-12-19", "action_flag": 3, "change_message": ""}}, {"model": "admin.logentry", "pk": 58, "fields": {"action_time": "2026-01-13T02:23:16.896", "user": 2, "content_type": 18, "object_id": "7", "object_repr": "市村光希 の 2025-12-19", "action_flag": 2, "change_message": "[]"}}, {"model": "admin.logentry", "pk": 59, "fields": {"action_time": "2026-01-13T09:37:32.398", "user": 2, "content_type": 21, "object_id": "6", "object_repr": "市村光希 - 2026-01-13", "action_flag": 1, "change_message": "[{\"added\": {}}]"}}, {"model": "admin.logentry", "pk": 60, "fields": {"action_time": "2026-01-14T02:17:55.838", "user": 2, "content_type": 4, "object_id": "5", "object_repr": "佐藤次郎", "action_flag": 1, "change_message": "[{\"added\": {}}]"}}, {"model": "admin.logentry", "pk": 61, "fields": {"action_time": "2026-01-14T02:18:41.308", "user": 2, "content_type": 4, "object_id": "6", "object_repr": "テスト次郎", "action_flag": 1, "change_message": "[{\"added\": {}}]"}}, {"model": "admin.logentry", "pk": 62, "fields": {"action_time": "2026-01-14T02:18:57.381", "user": 2, "content_type": 4, "object_id": "7", "object_repr": "テスト三郎", "action_flag": 1, "change_message": "[{\"added\": {}}]"}}, {"model": "admin.logentry", "pk": 63, "fields": {"action_time": "2026-01-14T02:19:32.659", "user": 2, "content_type": 4, "object_id": "8", "object_repr": "テスト四郎", "action_flag": 1, "change_message": "[{\"added\": {}}]"}}, {"model": "admin.logentry", "pk": 64, "fields": {"action_time": "2026-01-14T02:19:52.726", "user": 2, "content_type": 4, "object_id": "9", "object_repr": "テスト五郎", "action_flag": 1, "change_message": "[{\"added\": {}}]"}}, {"model": "admin.logentry", "pk": 65, "fields": {"action_time": "2026-01-14T02:20:12.401", "user": 2, "content_type": 4, "object_id": "10", "object_repr": "テスト六郎", "action_flag": 1, "change_message": "[{\"added\": {}}]"}}, {"model": "admin.logentry", "pk": 66, "fields": {"action_time": "2026-01-14T02:21:22.228", "user": 2, "content_type": 16, "object_id": "000003", "object_repr": "テスト太郎", "action_flag": 1, "change_message": "[{\"added\": {}}]"}}, {"model": "admin.logentry", "pk": 67, "fields": {"action_time": "2026-01-14T02:22:05.723", "user": 2, "content_type": 16, "object_id": "000004", "object_repr": "テスト次郎", "action_flag": 1, "change_message": "[{\"added\": {}}]"}}, {"model": "admin.logentry", "pk": 68, "fields": {"action_time": "2026-01-14T02:22:51.268", "user": 2, "content_type": 16, "object_id": "000005", "object_repr": "テスト三郎", "action_flag": 1, "change_message": "[{\"added\": {}}]"}}, {"model": "admin.logentry", "pk": 69, "fields": {"action_time": "2026-01-14T02:24:01.122", "user": 2, "content_type": 16, "object_id": "000006", "object_repr": "テスト四郎", "action_flag": 1, "change_message": "[{\"added\": {}}]"}}, {"model": "admin.logentry", "pk": 70, "fields": {"action_time": "2026-01-14T02:24:59.056", "user": 2, "content_type": 16, "object_id": "000007", "object_repr": "テスト五郎", "action_flag": 1, "change_message": "[{\"added\": {}}]"}}, {"model": "admin.logentry", "pk": 71, "fields": {"action_time": "2026-01-14T02:25:56.660", "user": 2, "content_type": 16, "object_id": "000008", "object_repr": "佐藤次郎", "action_flag": 1, "change_message": "[{\"added\": {}}]"}}, {"model": "admin.logentry", "pk": 72, "fields": {"action_time": "2026-01-14T02:28:18.312", "user": 2, "content_type": 4, "object_id": "11", "object_repr": "テスト七郎", "action_flag": 1, "change_message": "[{\"added\": {}}]"}}, {"model": "admin.logentry", "pk": 73, "fields": {"action_time": "2026-01-14T02:28:40.774", "user": 2, "content_type": 4, "object_id": "12", "object_repr": "テスト八郎", "action_flag": 1, "change_message": "[{\"added\": {}}]"}}, {"model": "admin.logentry", "pk": 74, "fields": {"action_time": "2026-01-14T02:29:03.819", "user": 2, "content_type": 4, "object_id": "13", "object_repr": "テスト九郎", "action_flag": 1, "change_message": "[{\"added\": {}}]"}}, {"model": "admin.logentry", "pk": 75, "fields": {"action_time": "2026-01-14T02:30:36.304", "user": 2, "content_type": 16, "object_id": "000009", "object_repr": "テスト六郎", "action_flag": 1, "change_message": "[{\"added\": {}}]"}}, {"model": "admin.logentry", "pk": 76, "fields": {"action_time": "2026-01-14T02:31:27.893", "user": 2, "content_type": 16, "object_id": "000010", "object_repr": "テスト七郎", "action_flag": 1, "change_message": "[{\"added\": {}}]"}}, {"model": "admin.logentry", "pk": 77, "fields": {"action_time": "2026-01-14T02:32:14.735", "user": 2, "content_type": 16, "object_id": "000011", "object_repr": "テスト八郎", "action_flag": 1, "change_message": "[{\"added\": {}}]"}}, {"model": "admin.logentry", "pk": 78, "fields": {"action_time": "2026-01-14T02:33:08.000", "user": 2, "content_type": 16, "object_id": "000012", "object_repr": "テスト九郎", "action_flag": 1, "change_message": "[{\"added\": {}}]"}}, {"model": "admin.logentry", "pk": 79, "fields": {"action_time": "2026-01-14T02:34:53.642", "user": 2, "content_type": 4, "object_id": "14", "object_repr": "テスト1号", "action_flag": 1, "change_message": "[{\"added\": {}}]"}}, {"model": "admin.logentry", "pk": 80, "fields": {"action_time": "2026-01-14T02:35:24.465", "user": 2, "content_type": 4, "object_id": "15", "object_repr": "テスト2号", "action_flag": 1, "change_message": "[{\"added\": {}}]"}}, {"model": "admin.logentry", "pk": 81, "fields": {"action_time": "2026-01-14T02:35:40.738", "user": 2, "content_type": 4, "object_id": "16", "object_repr": "テスト3号", "action_flag": 1, "change_message": "[{\"added\": {}}]"}}, {"model": "admin.logentry", "pk": 82, "fields": {"action_time": "2026-01-14T02:36:02.256", "user": 2, "content_type": 4, "object_id": "17", "object_repr": "テスト4号", "action_flag": 1, "change_message": "[{\"added\": {}}]"}}, {"model": "admin.logentry", "pk": 83, "fields": {"action_time": "2026-01-14T02:37:01.158", "user": 2, "content_type": 16, "object_id": "000013", "object_repr": "テスト1号", "action_flag": 1, "change_message": "[{\"added\": {}}]"}}, {"model": "admin.logentry", "pk": 84, "fields": {"action_time": "2026-01-14T02:37:56.102", "user": 2, "content_type": 16, "object_id": "000014", "object_repr": "テスト2号", "action_flag": 1, "change_message": "[{\"added\": {}}]"}}, {"model": "admin.logentry", "pk": 85, "fields": {"action_time": "2026-01-14T02:38:55.349", "user": 2, "content_type": 16, "object_id": "000015", "object_repr": "テスト4号", "action_flag": 1, "change_message": "[{\"added\": {}}]"}}, {"model": "admin.logentry", "pk": 86, "fields": {"action_time": "2026-01-14T07:13:49.579", "user": 2, "content_type": 20, "object_id": "3", "object_repr": "trn_daily_attendance object (3)", "action_flag": 2, "change_message": "[{\"changed\": {\"fields\": [\"Attendance Date\", \"Closing Datetime\"]}}]"}}, {"model": "admin.logentry", "pk": 87, "fields": {"action_time": "2026-01-14T07:22:58.783", "user": 2, "content_type": 20, "object_id": "1", "object_repr": "trn_daily_attendance object (1)", "action_flag": 2, "change_message": "[{\"changed\": {\"fields\": [\"Date\", \"Attendance Date\", \"Closing Datetime\"]}}]"}}, {"model": "admin.logentry", "pk": 88, "fields": {"action_time": "2026-01-14T07:23:13.182", "user": 2, "content_type": 20, "object_id": "3", "object_repr": "trn_daily_attendance object (3)", "action_flag": 2, "change_message": "[]"}}, {"model": "admin.logentry", "pk": 89, "fields": {"action_time": "2026-01-14T09:18:32.407", "user": 2, "content_type": 19, "object_id": "2", "object_repr": "市村光希 - 出勤 (2026-01-14 08:00:00+09:00)", "action_flag": 1, "change_message": "[{\"added\": {}}]"}}, {"model": "admin.logentry", "pk": 90, "fields": {"action_time": "2026-01-14T09:21:00.782", "user": 2, "content_type": 19, "object_id": "2", "object_repr": "市村光希 - 出勤 (2026-01-14 08:00:00+09:00)", "action_flag": 2, "change_message": "[]"}}, {"model": "admin.logentry", "pk": 91, "fields": {"action_time": "2026-01-14T09:21:19.839", "user": 2, "content_type": 19, "object_id": "3", "object_repr": "市村光希 - 退勤 (2026-01-13 18:00:00+09:00)", "action_flag": 1, "change_message": "[{\"added\": {}}]"}}, {"model": "admin.logentry", "pk": 92, "fields": {"action_time": "2026-01-15T02:38:25.109", "user": 2, "content_type": 19, "object_id": "7", "object_repr": "市村光希 - 退勤 (2026-01-12 06:00:00+00:00)", "action_flag": 3, "change_message": ""}}, {"model": "admin.logentry", "pk": 93, "fields": {"action_time": "2026-01-15T02:38:32.374", "user": 2, "content_type": 19, "object_id": "6", "object_repr": "市村光希 - 退勤 (2026-01-15 13:00:00+00:00)", "action_flag": 3, "change_message": ""}}, {"model": "admin.logentry", "pk": 94, "fields": {"action_time": "2026-01-15T02:38:32.374", "user": 2, "content_type": 19, "object_id": "5", "object_repr": "市村光希 - 休憩終了 (2026-01-12 14:30:00+00:00)", "action_flag": 3, "change_message": ""}}, {"model": "admin.logentry", "pk": 95, "fields": {"action_time": "2026-01-15T02:38:32.374", "user": 2, "content_type": 19, "object_id": "4", "object_repr": "市村光希 - 休憩開始 (2026-01-12 14:25:00+00:00)", "action_flag": 3, "change_message": ""}}, {"model": "admin.logentry", "pk": 96, "fields": {"action_time": "2026-01-15T02:38:32.374", "user": 2, "content_type": 19, "object_id": "3", "object_repr": "市村光希 - 退勤 (2026-01-12 06:00:00+00:00)", "action_flag": 3, "change_message": ""}}, {"model": "admin.logentry", "pk": 97, "fields": {"action_time": "2026-01-15T02:38:32.374", "user": 2, "content_type": 19, "object_id": "2", "object_repr": "市村光希 - 出勤 (2026-01-12 12:00:00+00:00)", "action_flag": 3, "change_message": ""}}, {"model": "admin.logentry", "pk": 98, "fields": {"action_time": "2026-01-15T02:38:56.393", "user": 2, "content_type": 19, "object_id": "8", "object_repr": "市村光希 - 出勤 (2026-01-14 06:00:00+09:00)", "action_flag": 1, "change_message": "[{\"added\": {}}]"}}, {"model": "admin.logentry", "pk": 99, "fields": {"action_time": "2026-01-15T02:39:15.601", "user": 2, "content_type": 19, "object_id": "9", "object_repr": "市村光希 - 退勤 (2026-01-14 12:00:00+09:00)", "action_flag": 1, "change_message": "[{\"added\": {}}]"}}, {"model": "admin.logentry", "pk": 100, "fields": {"action_time": "2026-01-15T02:39:23.616", "user": 2, "content_type": 19, "object_id": "8", "object_repr": "市村光希 - 出勤 (2026-01-14 06:00:00+09:00)", "action_flag": 2, "change_message": "[]"}}, {"model": "admin.logentry", "pk": 101, "fields": {"action_time": "2026-01-15T11:42:24.139", "user": 2, "content_type": 19, "object_id": "8", "object_repr": "市村光希 - 出勤 (2026-01-14 21:00:00)", "action_flag": 2, "change_message": "[{\"changed\": {\"fields\": [\"Clocking DateTime\"]}}]"}}, {"model": "admin.logentry", "pk": 102, "fields": {"action_time": "2026-01-15T11:42:44.416", "user": 2, "content_type": 19, "object_id": "9", "object_repr": "市村光希 - 退勤 (2026-01-14 18:00:00)", "action_flag": 2, "change_message": "[{\"changed\": {\"fields\": [\"Clocking DateTime\"]}}]"}}, {"model": "admin.logentry", "pk": 103, "fields": {"action_time": "2026-01-15T13:55:50.528", "user": 2, "content_type": 16, "object_id": "000003", "object_repr": "テスト太郎", "action_flag": 2, "change_message": "[]"}}, {"model": "admin.logentry", "pk": 104, "fields": {"action_time": "2026-01-15T13:55:53.781", "user": 2, "content_type": 16, "object_id": "000004", "object_repr": "テスト次郎", "action_flag": 2, "change_message": "[]"}}, {"model": "admin.logentry", "pk": 105, "fields": {"action_time": "2026-01-15T13:57:05.332", "user": 2, "content_type": 16, "object_id": "000001", "object_repr": "市村光希", "action_flag": 2, "change_message": "[]"}}, {"model": "admin.logentry", "pk": 106, "fields": {"action_time": "2026-01-15T13:57:10.257", "user": 2, "content_type": 16, "object_id": "000003", "object_repr": "テスト太郎", "action_flag": 2, "change_message": "[]"}}, {"model": "admin.logentry", "pk": 107, "fields": {"action_time": "2026-01-15T14:01:11.156", "user": 2, "content_type": 4, "object_id": "4", "object_repr": "テスト太郎", "action_flag": 2, "change_message": "[{\"changed\": {\"fields\": [\"password\"]}}]"}}, {"model": "admin.logentry", "pk": 108, "fields": {"action_time": "2026-01-15T15:14:46.845", "user": 2, "content_type": 19, "object_id": "14", "object_repr": "田中太郎 - 出勤 (2026-01-14 09:00:00)", "action_flag": 1, "change_message": "[{\"added\": {}}]"}}, {"model": "admin.logentry", "pk": 109, "fields": {"action_time": "2026-01-15T15:15:00.941", "user": 2, "content_type": 19, "object_id": "15", "object_repr": "田中太郎 - 退勤 (2026-01-14 18:00:00)", "action_flag": 1, "change_message": "[{\"added\": {}}]"}}, {"model": "admin.logentry", "pk": 110, "fields": {"action_time": "2026-01-15T15:16:02.516", "user": 2, "content_type": 20, "object_id": "4", "object_repr": "trn_daily_attendance object (4)", "action_flag": 1, "change_message": "[{\"added\": {}}]"}}, {"model": "admin.logentry", "pk": 111, "fields": {"action_time": "2026-01-15T15:16:40.366", "user": 2, "content_type": 20, "object_id": "4", "object_repr": "trn_daily_attendance object (4)", "action_flag": 2, "change_message": "[{\"changed\": {\"fields\": [\"Attendance Datetime\", \"Closing Datetime\"]}}]"}}, {"model": "admin.logentry", "pk": 112, "fields": {"action_time": "2026-01-15T15:17:33.245", "user": 2, "content_type": 20, "object_id": "5", "object_repr": "trn_daily_attendance object (5)", "action_flag": 1, "change_message": "[{\"added\": {}}]"}}, {"model": "admin.logentry", "pk": 113, "fields": {"action_time": "2026-01-15T15:27:26.607", "user": 2, "content_type": 20, "object_id": "6", "object_repr": "trn_daily_attendance object (6)", "action_flag": 1, "change_message": "[{\"added\": {}}]"}}, {"model": "admin.logentry", "pk": 114, "fields": {"action_time": "2026-01-15T15:27:55.380", "user": 2, "content_type": 20, "object_id": "1", "object_repr": "trn_daily_attendance object (1)", "action_flag": 3, "change_message": ""}}, {"model": "admin.logentry", "pk": 115, "fields": {"action_time": "2026-01-15T15:29:00.304", "user": 2, "content_type": 20, "object_id": "6", "object_repr": "trn_daily_attendance object (6)", "action_flag": 2, "change_message": "[{\"changed\": {\"fields\": [\"Attendance Datetime\", \"Closing Datetime\"]}}]"}}, {"model": "admin.logentry", "pk": 116, "fields": {"action_time": "2026-01-15T15:29:25.745", "user": 2, "content_type": 20, "object_id": "5", "object_repr": "trn_daily_attendance object (5)", "action_flag": 2, "change_message": "[{\"changed\": {\"fields\": [\"Attendance Datetime\", \"Closing Datetime\"]}}]"}}, {"model": "admin.logentry", "pk": 117, "fields": {"action_time": "2026-01-15T15:29:48.407", "user": 2, "content_type": 20, "object_id": "6", "object_repr": "trn_daily_attendance object (6)", "action_flag": 2, "change_message": "[{\"changed\": {\"fields\": [\"Attendance Datetime\", \"Closing Datetime\"]}}]"}}, {"model": "admin.logentry", "pk": 118, "fields": {"action_time": "2026-01-15T15:40:59.168", "user": 2, "content_type": 20, "object_id": "7", "object_repr": "trn_daily_attendance object (7)", "action_flag": 1, "change_message": "[{\"added\": {}}]"}}, {"model": "auth.user", "pk": 1, "fields": {"password": "pbkdf2_sha256$1000000$XPVm8kLNc179Vo5woN1rGW$IolvNWExQxJV/w0i2F/WSQRfBcka3FkmLWDsQ4Vvtvk=", "last_login": "2025-12-09T09:36:27.494", "is_superuser": true, "username": "ichi50", "first_name": "", "last_name": "", "email": "kouki.kouki0519@gmail.com", "is_staff": true, "is_active": true, "date_joined": "2025-12-08T00:49:41.445", "groups": [], "user_permissions": []}}, {"model": "auth.user", "pk": 2, "fields": {"password": "pbkdf2_sha256$1000000$tRhULiK9kKbrlr7yL2RZr4$RTpPbgHFXL/tkKyhRyWCjMRaAv1/2vgv5zpBriytF3c=", "last_login": "2026-01-15T14:47:43.040", "is_superuser": true, "username": "市村光希", "first_name": "光希", "last_name": "市村", "email": "xxx@xxx.com", "is_staff": true, "is_active": true, "date_joined": "2025-12-08T00:53:15", "groups": [], "user_permissions": []}}, {"model": "auth.user", "pk": 3, "fields": {"password": "pbkdf2_sha256$1000000$Q6XJtyNwIjNOtjKQ5rSMnI$XnLfb0xbkC6IePWhPLEgYUv1NoVbEGQqYN7FTpgg0b0=", "last_login": "2026-01-15T13:59:58.320", "is_superuser": false, "username": "田中太郎", "first_name": "", "last_name": "", "email": "", "is_staff": false, "is_active": true, "date_joined": "2025-12-09T02:29:42.623", "groups": [], "user_permissions": []}}, {"model": "auth.user", "pk": 4, "fields": {"password": "pbkdf2_sha256$1000000$9svy7coT8RqpeHU92hYmgQ$9q3EjOgatMabEbNj++lOJ5ebtozqlLihQxO01tvJzas=", "last_login": "2026-01-15T14:01:58.689", "is_superuser": false, "username": "テスト太郎", "first_name": "", "last_name": "", "email": "", "is_staff": false, "is_active": true, "date_joined": "2025-12-19T03:08:37.155", "groups": [], "user_permissions": []}}, {"model": "auth.user", "pk": 5, "fields": {"password": "pbkdf2_sha256$1000000$5UxfvRKk77vHTOXuq4Wzey$Dc+OSlAzjkmLbsST7QvPPDDZMQhaRqdtLt83J6GJhi8=", "last_login": "2026-01-15T14:39:17.281", "is_superuser": false, "username": "佐藤次郎", "first_name": "", "last_name": "", "email": "", "is_staff": false, "is_active": true, "date_joined": "2026-01-14T02:17:55.358", "groups": [], "user_permissions": []}}, {"model": "auth.user", "pk": 6, "fields": {"password": "pbkdf2_sha256$1000000$WlVJFdDU2q4PFuFXp3lFl1$Bk5W9FqxtfQwJCd4BPNCZ5e+qXANOqPzEHwfhR/kt1E=", "last_login": "2026-01-15T14:45:56.451", "is_superuser": false, "username": "テスト次郎", "first_name": "", "last_name": "", "email": "", "is_staff": false, "is_active": true, "date_joined": "2026-01-14T02:18:40.896", "groups": [], "user_permissions": []}}, {"model": "auth.user", "pk": 7, "fields": {"password": "pbkdf2_sha256$1000000$btP69OiWwXqGtZsn1fYxwa$RAN1doxpapYPEbxgofSO3uWgqiezoB8cYUzOaOjugPE=", "last_login": "2026-01-15T14:06:03.860", "is_superuser": false, "username": "テスト三郎", "first_name": "", "last_name": "", "email": "", "is_staff": false, "is_active": true, "date_joined": "2026-01-14T02:18:56.913", "groups": [], "user_permissions": []}}, {"model": "auth.user", "pk": 8, "fields": {"password": "pbkdf2_sha256$1000000$uReAthDxCL74pf2QjWLSEM$mQGBZ/aBs7GSgFdd2+DeqWTknr/etd574PegigExtIY=", "last_login": "2026-01-15T14:10:03.012", "is_superuser": false, "username": "テスト四郎", "first_name": "", "last_name": "", "email": "", "is_staff": false, "is_active": true, "date_joined": "2026-01-14T02:19:32.241", "groups": [], "user_permissions": []}}, {"model": "auth.user", "pk": 9, "fields": {"password": "pbkdf2_sha256$1000000$9bDSAJZRscb316TjpR0RhB$qxN2sqp3LNcbClZ/eMcsa4LR6sajZwGT82p1qfXPA+g=", "last_login": "2026-01-15T14:38:55.576", "is_superuser": false, "username": "テスト五郎", "first_name": "", "last_name": "", "email": "", "is_staff": false, "is_active": true, "date_joined": "2026-01-14T02:19:52.315", "groups": [], "user_permissions": []}}, {"model": "auth.user", "pk": 10, "fields": {"password": "pbkdf2_sha256$1000000$4tEzGAOFJWoEYAQuJtSwu6$h00/R+pdtFMPS3l8vBTiFj+rCg455KBdoHCUJF5OrDw=", "last_login": "2026-01-15T14:31:01.862", "is_superuser": false, "username": "テスト六郎", "first_name": "", "last_name": "", "email": "", "is_staff": false, "is_active": true, "date_joined": "2026-01-14T02:20:12.004", "groups": [], "user_permissions": []}}, {"model": "auth.user", "pk": 11, "fields": {"password": "pbkdf2_sha256$1000000$WN5gCiWygAENrNnSqFA4Cs$KgOwiAwXqNAbf3zHFY+oQsqNxLfkrjVA9Xfm0YrH9Hs=", "last_login": null, "is_superuser": false, "username": "テスト七郎", "first_name": "", "last_name": "", "email": "", "is_staff": false, "is_active": true, "date_joined": "2026-01-14T02:28:17.899", "groups": [], "user_permissions": []}}, {"model": "auth.user", "pk": 12, "fields": {"password": "pbkdf2_sha256$1000000$NSDoQINDfeOfMrMgGS0apM$Aqt5L+QJs/7VN5GydDN4p4MQcbgtZogGGmOmdsgz9mY=", "last_login": null, "is_superuser": false, "username": "テスト八郎", "first_name": "", "last_name": "", "email": "", "is_staff": false, "is_active": true, "date_joined": "2026-01-14T02:28:40.370", "groups": [], "user_permissions": []}}, {"model": "auth.user", "pk": 13, "fields": {"password": "pbkdf2_sha256$1000000$bdx5nrdbBjBnU6Aety0sLG$eN/t1KMDiYAu9PEEXI7kdwtBMCLx4TmilBLOAtVqO4A=", "last_login": "2026-01-15T13:49:43.421", "is_superuser": false, "username": "テスト九郎", "first_name": "", "last_name": "", "email": "", "is_staff": false, "is_active": true, "date_joined": "2026-01-14T02:29:03.354", "groups": [], "user_permissions": []}}, {"model": "auth.user", "pk": 14, "fields": {"password": "pbkdf2_sha256$1000000$4DLGlJdowKFi6bnBoO7pZv$tbna9JoDSaBdwqfbmvtj1XzBzKtJ2n/0vB1Wo6wCyCQ=", "last_login": null, "is_superuser": false, "username": "テスト1号", "first_name": "", "last_name": "", "email": "", "is_staff": false, "is_active": true, "date_joined": "2026-01-14T02:34:53.243", "groups": [], "user_permissions": []}}, {"model": "auth.user", "pk": 15, "fields": {"password": "pbkdf2_sha256$1000000$SjaiHgP515Uli9vLrDKWKY$ccWx6R0E0tNiL0Tlxejw0a8/oWT0fZtgYa5/6CDr0Lo=", "last_login": null, "is_superuser": false, "username": "テスト2号", "first_name": "", "last_name": "", "email": "", "is_staff": false, "is_active": true, "date_joined": "2026-01-14T02:35:24.063", "groups": [], "user_permissions": []}}, {"model": "auth.user", "pk": 16, "fields": {"password": "pbkdf2_sha256$1000000$RmMjq6zmeoVbMt0vZRwRJP$eRD2zR3oUiirtHGelxrZr6GCnvQa/YKWgiRE/oVAL94=", "last_login": null, "is_superuser": false, "username": "テスト3号", "first_name": "", "last_name": "", "email": "", "is_staff": false, "is_active": true, "date_joined": "2026-01-14T02:35:40.344", "groups": [], "user_permissions": []}}, {"model": "auth.user", "pk": 17, "fields": {"password": "pbkdf2_sha256$1000000$wcDw1c0IosQOIstqjUTIk8$mfZN2Z09Y734AIt88DObSzSqdOaUgmSf82TzQinyJ+k=", "last_login": null, "is_superuser": false, "username": "テスト4号", "first_name": "", "last_name": "", "email": "", "is_staff": false, "is_active": true, "date_joined": "2026-01-14T02:36:01.846", "groups": [], "user_permissions": []}}, {"model": "sessions.session", "pk": "yj32vww6lpfckm1ksz3o7esr0rm8sqar", "fields": {"session_data": ".eJxVjL0OwiAURt-F2TQUKEVHkw5OPgLhci-B9M8UOjTGd7eaDrqe833nyaxbS7RrpsUmZBcm2OmXgfM9TR_Rp6m4ZPOWC43Vd3HIXHXjY5g3ohvel250abget79WdDnuoZojGvIqSBPIa0RsayFABqrBa_KEspVcGyUUBKdBamx21gAHOpM07PUGOBE96A:1vgGCt:f2x3PjeLWdtxA0PNkLmj3qM1uVQwLxvEuYmggrMW4oo", "expire_date": "2026-01-29T14:47:43.044"}}, {"model": "common.mst_shop", "pk": "1234", "fields": {"shop_name": "諏訪店", "shop_addres": "123-4567", "shop_tel": "08012345678"}}, {"model": "common.mst_employee", "pk": "000001", "fields": {"user": 2, "emp_name": "市村光希", "emp_age": 20, "emp_email": "xxx@xxx.com", "affiliated_store": "1234", "emp_status": "1", "hire_date": "2025-05-01"}}, {"model": "common.mst_employee", "pk": "000002", "fields": {"user": 3, "emp_name": "田中太郎", "emp_age": 20, "emp_email": "xx@xxx.com", "affiliated_store": "1234", "emp_status": "2", "hire_date": "2025-05-01"}}, {"model": "common.mst_employee", "pk": "000003", "fields": {"user": 4, "emp_name": "テスト太郎", "emp_age": 27, "emp_email": "user@mail", "affiliated_store": "1234", "emp_status": "3", "hire_date": "2026-01-14"}}, {"model": "common.mst_employee", "pk": "000004", "fields": {"user": 6, "emp_name": "テスト次郎", "emp_age": 26, "emp_email": "user4@mail", "affiliated_store": "1234", "emp_status": "3", "hire_date": "2026-01-14"}}, {"model": "common.mst_employee", "pk": "000005", "fields": {"user": 7, "emp_name": "テスト三郎", "emp_age": 28, "emp_email": "user2@mail", "affiliated_store": "1234", "emp_status": "3", "hire_date": "2026-01-14"}}, {"model": "common.mst_employee", "pk": "000006", "fields": {"user": 8, "emp_name": "テスト四郎", "emp_age": 30, "emp_email": "user6@mail", "affiliated_store": "1234", "emp_status": "3", "hire_date": "2026-01-14"}}, {"model": "common.mst_employee", "pk": "000007", "fields": {"user": 9, "emp_name": "テスト五郎", "emp_age": 30, "emp_email": "user7@mail", "affiliated_store": "1234", "emp_status": "3", "hire_date": "2026-01-14"}}, {"model": "common.mst_employee", "pk": "000008", "fields": {"user": 5, "emp_name": "佐藤次郎", "emp_age": 40, "emp_email": "user8@mail", "affiliated_store": "1234", "emp_status": "3", "hire_date": "2026-01-14"}}, {"model": "common.mst_employee", "pk": "000009", "fields": {"user": 10, "emp_name": "テスト六郎", "emp_age": 48, "emp_email": "user9@mail", "affiliated_store": "1234", "emp_status": "3", "hire_date": "2026-01-14"}}, {"model": "common.mst_employee", "pk": "000010", "fields": {"user": 11, "emp_name": "テスト七郎", "emp_age": 18, "emp_email": "user10@mail", "affiliated_store": "1234", "emp_status": "3", "hire_date": "2026-01-14"}}, {"model": "common.mst_employee", "pk": "000011", "fields": {"user": 12, "emp_name": "テスト八郎", "emp_age": 67, "emp_email": "user11@mail", "affiliated_store": "1234", "emp_status": "3", "hire_date": "2026-01-14"}}, {"model": "common.mst_employee", "pk": "000012", "fields": {"user": 13, "emp_name": "テスト九郎", "emp_age": 6, "emp_email": "user12@mail", "affiliated_store": "1234", "emp_status": "3", "hire_date": "2026-01-14"}}, {"model": "common.mst_employee", "pk": "000013", "fields": {"user": 14, "emp_name": "テスト1号", "emp_age": 61, "emp_email": "user13@mail", "affiliated_store": "1234", "emp_status": "3", "hire_date": "2026-01-14"}}, {"model": "common.mst_employee", "pk": "000014", "fields": {"user": 15, "emp_name": "テスト2号", "emp_age": 17, "emp_email": "user14@mail", "affiliated_store": "1234", "emp_status": "3", "hire_date": "2026-01-14"}}, {"model": "common.mst_employee", "pk": "000015", "fields": {"user": 17, "emp_name": "テスト4号", "emp_age": 14, "emp_email": "user15@mail", "affiliated_store": "1234", "emp_status": "3", "hire_date": "2026-01-14"}}, {"model": "schedule_app.shift_schedule", "pk": 1, "fields": {"employee": "000001", "schedule_date": "2025-12-12", "start_time": "18:00:00", "end_time": "22:00:00"}}, {"model": "schedule_app.shift_schedule", "pk": 2, "fields": {"employee": "000001", "schedule_date": "2025-12-10", "start_time": "18:00:00", "end_time": "21:00:00"}}, {"model": "schedule_app.shift_schedule", "pk": 3, "fields": {"employee": "000001", "schedule_date": "2025-12-05", "start_time": "18:00:00", "end_time": "21:00:00"}}, {"model": "schedule_app.shift_schedule", "pk": 4, "fields": {"employee": "000001", "schedule_date": "2025-12-03", "start_time": "18:00:00", "end_time": "22:00:00"}}, {"model": "schedule_app.shift_schedule", "pk": 5, "fields": {"employee": "000001", "schedule_date": "2025-12-01", "start_time": "18:00:00", "end_time": "22:00:00"}}, {"model": "schedule_app.shift_schedule", "pk": 6, "fields": {"employee": "000001", "schedule_date": "2025-12-08", "start_time": "18:00:00", "end_time": "21:00:00"}}, {"model": "schedule_app.shift_schedule", "pk": 7, "fields": {"employee": "000001", "schedule_date": "2025-12-19", "start_time": "18:00:00", "end_time": "00:00:00"}}, {"model": "schedule_app.shift_schedule", "pk": 8, "fields": {"employee": "000001", "schedule_date": "2025-12-20", "start_time": "15:00:00", "end_time": "21:00:00"}}, {"model": "schedule_app.shift_schedule", "pk": 9, "fields": {"employee": "000001", "schedule_date": "2025-12-16", "start_time": "18:00:00", "end_time": "22:00:00"}}, {"model": "schedule_app.shift_schedule", "pk": 10, "fields": {"employee": "000001", "schedule_date": "2025-12-22", "start_time": "18:00:00", "end_time": "21:00:00"}}, {"model": "schedule_app.shift_schedule", "pk": 11, "fields": {"employee": "000001", "schedule_date": "2025-12-23", "start_time": "18:00:00", "end_time": "22:00:00"}}, {"model": "schedule_app.shift_schedule", "pk": 12, "fields": {"employee": "000001", "schedule_date": "2025-12-26", "start_time": "18:00:00", "end_time": "21:00:00"}}, {"model": "schedule_app.shift_schedule", "pk": 13, "fields": {"employee": "000001", "schedule_date": "2025-12-27", "start_time": "15:00:00", "end_time": "21:00:00"}}, {"model": "schedule_app.shift_schedule", "pk": 14, "fields": {"employee": "000001", "schedule_date": "2025-12-28", "start_time": "18:00:00", "end_time": "21:00:00"}}, {"model": "schedule_app.shift_schedule", "pk": 15, "fields": {"employee": "000001", "schedule_date": "2025-12-31", "start_time": "18:00:00", "end_time": "21:00:00"}}, {"model": "schedule_app.shift_schedule", "pk": 16, "fields": {"employee": "000001", "schedule_date": "2025-12-17", "start_time": "06:00:00", "end_time": "12:00:00"}}, {"model": "schedule_app.shift_schedule", "pk": 17, "fields": {"employee": "000001", "schedule_date": "2026-01-09", "start_time": "18:00:00", "end_time": "21:00:00"}}, {"model": "schedule_app.shift_schedule", "pk": 18, "fields": {"employee": "000002", "schedule_date": "2026-01-13", "start_time": "12:00:00", "end_time": "18:00:00"}}, {"model": "schedule_app.shift_schedule", "pk": 19, "fields": {"employee": "000001", "schedule_date": "2026-01-13", "start_time": "09:00:00", "end_time": "18:00:00"}}, {"model": "schedule_app.shift_schedule", "pk": 22, "fields": {"employee": "000002", "schedule_date": "2026-01-16", "start_time": "10:00:00", "end_time": "14:00:00"}}, {"model": "schedule_app.shift_schedule", "pk": 23, "fields": {"employee": "000002", "schedule_date": "2026-01-15", "start_time": "09:00:00", "end_time": "18:00:00"}}, {"model": "schedule_app.shift_schedule", "pk": 24, "fields": {"employee": "000001", "schedule_date": "2026-01-16", "start_time": "18:00:00", "end_time": "21:00:00"}}, {"model": "schedule_app.shift_schedule", "pk": 25, "fields": {"employee": "000001", "schedule_date": "2026-01-17", "start_time": "15:00:00", "end_time": "18:00:00"}}, {"model": "schedule_app.shift_schedule", "pk": 26, "fields": {"employee": "000001", "schedule_date": "2026-01-19", "start_time": "18:00:00", "end_time": "21:00:00"}}, {"model": "schedule_app.shift_schedule", "pk": 27, "fields": {"employee": "000002", "schedule_date": "2026-01-19", "start_time": "09:00:00", "end_time": "18:00:00"}}, {"model": "schedule_app.shift_schedule", "pk": 28, "fields": {"employee": "000002", "schedule_date": "2026-01-20", "start_time": "09:00:00", "end_time": "18:00:00"}}, {"model": "schedule_app.shift_schedule", "pk": 29, "fields": {"employee": "000001", "schedule_date": "2026-01-21", "start_time": "18:00:00", "end_time": "21:00:00"}}, {"model": "schedule_app.shift_schedule", "pk": 30, "fields": {"employee": "000002", "schedule_date": "2026-01-21", "start_time": "09:00:00", "end_time": "18:00:00"}}, {"model": "schedule_app.shift_schedule", "pk": 31, "fields": {"employee": "000002", "schedule_date": "2026-01-22", "start_time": "09:00:00", "end_time": "18:00:00"}}, {"model": "schedule_app.shift_schedule", "pk": 32, "fields": {"employee": "000001", "schedule_date": "2026-01-23", "start_time": "18:00:00", "end_time": "21:00:00"}}, {"model": "schedule_app.shift_schedule", "pk": 33, "fields": {"employee": "000002", "schedule_date": "2026-01-23", "start_time": "09:00:00", "end_time": "18:00:00"}}, {"model": "schedule_app.shift_schedule", "pk": 34, "fields": {"employee": "000001", "schedule_date": "2026-01-24", "start_time": "15:00:00", "end_time": "18:00:00"}}, {"model": "schedule_app.shift_schedule", "pk": 35, "fields": {"employee": "000001", "schedule_date": "2026-01-26", "start_time": "18:00:00", "end_time": "21:00:00"}}, {"model": "schedule_app.shift_schedule", "pk": 36, "fields": {"employee": "000002", "schedule_date": "2026-01-26", "start_time": "09:00:00", "end_time": "18:00:00"}}, {"model": "schedule_app.shift_schedule", "pk": 37, "fields": {"employee": "000002", "schedule_date": "2026-01-27", "start_time": "09:00:00", "end_time": "18:00:00"}}, {"model": "schedule_app.shift_schedule", "pk": 38, "fields": {"employee": "000001", "schedule_date": "2026-01-28", "start_time": "18:00:00", "end_time": "21:00:00"}}, {"model": "schedule_app.shift_schedule", "pk": 39, "fields": {"employee": "000002", "schedule_date": "2026-01-28", "start_time": "09:00:00", "end_time": "18:00:00"}}, {"model": "schedule_app.shift_schedule", "pk": 40, "fields": {"employee": "000002", "schedule_date": "2026-01-29", "start_time": "09:00:00", "end_time": "18:00:00"}}, {"model": "schedule_app.shift_schedule", "pk": 41, "fields": {"employee": "000001", "schedule_date": "2026-01-30", "start_time": "18:00:00", "end_time": "21:00:00"}}, {"model": "schedule_app.shift_schedule", "pk": 42, "fields": {"employee": "000002", "schedule_date": "2026-01-30", "start_time": "09:00:00", "end_time": "18:00:00"}}, {"model": "schedule_app.shift_schedule", "pk": 43, "fields": {"employee": "000001", "schedule_date": "2026-01-31", "start_time": "15:00:00", "end_time": "18:00:00"}}, {"model": "schedule_app.shift_schedule", "pk": 44, "fields": {"employee": "000001", "schedule_date": "2026-02-02", "start_time": "18:00:00", "end_time": "21:00:00"}}, {"model": "schedule_app.shift_schedule", "pk": 45, "fields": {"employee": "000002", "schedule_date": "2026-02-02", "start_time": "09:00:00", "end_time": "18:00:00"}}, {"model": "schedule_app.shift_schedule", "pk": 46, "fields": {"employee": "000002", "schedule_date": "2026-02-03", "start_time": "09:00:00", "end_time": "18:00:00"}}, {"model": "schedule_app.shift_schedule", "pk": 47, "fields": {"employee": "000002", "schedule_date": "2026-01-14", "start_time": "09:00:00", "end_time": "18:00:00"}}, {"model": "schedule_app.shift_schedule", "pk": 48, "fields": {"employee": "000002", "schedule_date": "2025-12-31", "start_time": "09:00:00", "end_time": "18:00:00"}}, {"model": "schedule_app.shift_schedule", "pk": 49, "fields": {"employee": "000002", "schedule_date": "2026-01-01", "start_time": "09:00:00", "end_time": "18:00:00"}}, {"model": "schedule_app.shift_schedule", "pk": 50, "fields": {"employee": "000001", "schedule_date": "2026-01-02", "start_time": "18:00:00", "end_time": "21:00:00"}}, {"model": "schedule_app.shift_schedule", "pk": 51, "fields": {"employee": "000002", "schedule_date": "2026-01-02", "start_time": "09:00:00", "end_time": "18:00:00"}}, {"model": "schedule_app.shift_schedule", "pk": 52, "fields": {"employee": "000001", "schedule_date": "2026-01-03", "start_time": "15:00:00", "end_time": "18:00:00"}}, {"model": "schedule_app.shift_schedule", "pk": 53, "fields": {"employee": "000001", "schedule_date": "2026-01-05", "start_time": "18:00:00", "end_time": "21:00:00"}}, {"model": "schedule_app.shift_schedule", "pk": 54, "fields": {"employee": "000002", "schedule_date": "2026-01-05", "start_time": "09:00:00", "end_time": "18:00:00"}}, {"model": "schedule_app.shift_schedule", "pk": 55, "fields": {"employee": "000002", "schedule_date": "2026-01-06", "start_time": "09:00:00", "end_time": "18:00:00"}}, {"model": "schedule_app.shift_schedule", "pk": 56, "fields": {"employee": "000003", "schedule_date": "2026-01-13", "start_time": "09:00:00", "end_time": "15:00:00"}}, {"model": "schedule_app.shift_schedule", "pk": 57, "fields": {"employee": "000004", "schedule_date": "2026-01-13", "start_time": "00:00:00", "end_time": "06:00:00"}}, {"model": "schedule_app.shift_schedule", "pk": 58, "fields": {"employee": "000012", "schedule_date": "2026-01-16", "start_time": "09:00:00", "end_time": "18:00:00"}}, {"model": "schedule_app.shift_schedule", "pk": 59, "fields": {"employee": "000012", "schedule_date": "2026-01-17", "start_time": "09:00:00", "end_time": "18:00:00"}}, {"model": "schedule_app.shift_schedule", "pk": 60, "fields": {"employee": "000012", "schedule_date": "2026-01-19", "start_time": "09:00:00", "end_time": "18:00:00"}}, {"model": "schedule_app.shift_schedule", "pk": 61, "fields": {"employee": "000012", "schedule_date": "2026-01-21", "start_time": "09:00:00", "end_time": "15:00:00"}}, {"model": "schedule_app.shift_schedule", "pk": 62, "fields": {"employee": "000003", "schedule_date": "2026-01-16", "start_time": "09:00:00", "end_time": "18:00:00"}}, {"model": "schedule_app.shift_schedule", "pk": 63, "fields": {"employee": "000003", "schedule_date": "2026-01-17", "start_time": "09:00:00", "end_time": "18:00:00"}}, {"model": "schedule_app.shift_schedule", "pk": 64, "fields": {"employee": "000003", "schedule_date": "2026-01-21", "start_time": "06:00:00", "end_time": "12:00:00"}}, {"model": "schedule_app.shift_schedule", "pk": 65, "fields": {"employee": "000004", "schedule_date": "2026-01-15", "start_time": "09:00:00", "end_time": "12:00:00"}}, {"model": "schedule_app.shift_schedule", "pk": 66, "fields": {"employee": "000005", "schedule_date": "2026-01-15", "start_time": "18:00:00", "end_time": "23:00:00"}}, {"model": "schedule_app.shift_schedule", "pk": 67, "fields": {"employee": "000004", "schedule_date": "2026-01-16", "start_time": "06:00:00", "end_time": "12:00:00"}}, {"model": "schedule_app.shift_schedule", "pk": 68, "fields": {"employee": "000005", "schedule_date": "2026-01-17", "start_time": "09:00:00", "end_time": "18:00:00"}}, {"model": "schedule_app.shift_schedule", "pk": 69, "fields": {"employee": "000005", "schedule_date": "2026-01-18", "start_time": "09:00:00", "end_time": "18:00:00"}}, {"model": "schedule_app.shift_schedule", "pk": 70, "fields": {"employee": "000005", "schedule_date": "2026-01-20", "start_time": "09:00:00", "end_time": "18:00:00"}}, {"model": "schedule_app.shift_schedule", "pk": 71, "fields": {"employee": "000004", "schedule_date": "2026-01-21", "start_time": "00:00:00", "end_time": "06:00:00"}}, {"model": "schedule_app.shift_schedule", "pk": 72, "fields": {"employee": "000007", "schedule_date": "2026-01-15", "start_time": "09:00:00", "end_time": "18:00:00"}}, {"model": "schedule_app.shift_schedule", "pk": 73, "fields": {"employee": "000006", "schedule_date": "2026-01-16", "start_time": "00:00:00", "end_time": "06:00:00"}}, {"model": "schedule_app.shift_schedule", "pk": 74, "fields": {"employee": "000009", "schedule_date": "2026-01-16", "start_time": "07:00:00", "end_time": "18:00:00"}}, {"model": "schedule_app.shift_schedule", "pk": 75, "fields": {"employee": "000006", "schedule_date": "2026-01-17", "start_time": "09:00:00", "end_time": "18:00:00"}}, {"model": "schedule_app.shift_schedule", "pk": 76, "fields": {"employee": "000007", "schedule_date": "2026-01-17", "start_time": "09:00:00", "end_time": "18:00:00"}}, {"model": "schedule_app.shift_schedule", "pk": 77, "fields": {"employee": "000009", "schedule_date": "2026-01-17", "start_time": "09:00:00", "end_time": "18:00:00"}}, {"model": "schedule_app.shift_schedule", "pk": 78, "fields": {"employee": "000007", "schedule_date": "2026-01-18", "start_time": "09:00:00", "end_time": "18:00:00"}}, {"model": "schedule_app.shift_schedule", "pk": 79, "fields": {"employee": "000009", "schedule_date": "2026-01-18", "start_time": "12:00:00", "end_time": "18:00:00"}}, {"model": "schedule_app.shift_schedule", "pk": 80, "fields": {"employee": "000006", "schedule_date": "2026-01-19", "start_time": "00:00:00", "end_time": "06:00:00"}}, {"model": "schedule_app.shift_schedule", "pk": 81, "fields": {"employee": "000009", "schedule_date": "2026-01-19", "start_time": "09:00:00", "end_time": "18:00:00"}}, {"model": "schedule_app.shift_schedule", "pk": 82, "fields": {"employee": "000007", "schedule_date": "2026-01-20", "start_time": "09:00:00", "end_time": "18:00:00"}}, {"model": "schedule_app.shift_schedule", "pk": 83, "fields": {"employee": "000006", "schedule_date": "2026-01-21", "start_time": "00:00:00", "end_time": "06:00:00"}}, {"model": "schedule_app.shift_schedule", "pk": 84, "fields": {"employee": "000009", "schedule_date": "2026-01-21", "start_time": "09:00:00", "end_time": "18:00:00"}}, {"model": "schedule_app.shift_schedule", "pk": 85, "fields": {"employee": "000008", "schedule_date": "2026-01-17", "start_time": "18:00:00", "end_time": "00:00:00"}}, {"model": "schedule_app.shift_schedule", "pk": 86, "fields": {"employee": "000008", "schedule_date": "2026-01-18", "start_time": "12:00:00", "end_time": "18:00:00"}}, {"model": "schedule_app.shift_schedule", "pk": 87, "fields": {"employee": "000008", "schedule_date": "2026-01-19", "start_time": "09:00:00", "end_time": "18:00:00"}}, {"model": "schedule_app.shift_schedule", "pk": 88, "fields": {"employee": "000001", "schedule_date": "2026-01-12", "start_time": "18:00:00", "end_time": "21:00:00"}}, {"model": "schedule_app.shift_schedule", "pk": 89, "fields": {"employee": "000002", "schedule_date": "2026-01-12", "start_time": "09:00:00", "end_time": "18:00:00"}}, {"model": "schedule_app.shift_schedule", "pk": 90, "fields": {"employee": "000006", "schedule_date": "2026-01-12", "start_time": "00:00:00", "end_time": "06:00:00"}}, {"model": "schedule_app.shift_schedule", "pk": 91, "fields": {"employee": "000008", "schedule_date": "2026-01-12", "start_time": "09:00:00", "end_time": "18:00:00"}}, {"model": "schedule_app.shift_schedule", "pk": 92, "fields": {"employee": "000009", "schedule_date": "2026-01-12", "start_time": "09:00:00", "end_time": "18:00:00"}}, {"model": "schedule_app.shift_schedule", "pk": 93, "fields": {"employee": "000012", "schedule_date": "2026-01-12", "start_time": "09:00:00", "end_time": "18:00:00"}}, {"model": "schedule_app.shift_schedule", "pk": 94, "fields": {"employee": "000005", "schedule_date": "2026-01-13", "start_time": "09:00:00", "end_time": "18:00:00"}}, {"model": "schedule_app.shift_schedule", "pk": 95, "fields": {"employee": "000007", "schedule_date": "2026-01-13", "start_time": "09:00:00", "end_time": "18:00:00"}}, {"model": "schedule_app.shift_schedule", "pk": 96, "fields": {"employee": "000001", "schedule_date": "2026-01-14", "start_time": "18:00:00", "end_time": "21:00:00"}}, {"model": "schedule_app.shift_schedule", "pk": 97, "fields": {"employee": "000003", "schedule_date": "2026-01-14", "start_time": "06:00:00", "end_time": "12:00:00"}}, {"model": "schedule_app.shift_schedule", "pk": 98, "fields": {"employee": "000004", "schedule_date": "2026-01-14", "start_time": "00:00:00", "end_time": "06:00:00"}}, {"model": "schedule_app.shift_schedule", "pk": 99, "fields": {"employee": "000006", "schedule_date": "2026-01-14", "start_time": "00:00:00", "end_time": "06:00:00"}}, {"model": "schedule_app.shift_schedule", "pk": 100, "fields": {"employee": "000009", "schedule_date": "2026-01-14", "start_time": "09:00:00", "end_time": "18:00:00"}}, {"model": "schedule_app.shift_schedule", "pk": 101, "fields": {"employee": "000012", "schedule_date": "2026-01-14", "start_time": "09:00:00", "end_time": "15:00:00"}}, {"model": "schedule_app.trn_clocking", "pk": 8, "fields": {"employee": "000001", "clocking_type": "2", "clocking_datetime": "2026-01-14T21:00:00"}}, {"model": "schedule_app.trn_clocking", "pk": 9, "fields": {"employee": "000001", "clocking_type": "1", "clocking_datetime": "2026-01-14T18:00:00"}}, {"model": "schedule_app.trn_clocking", "pk": 10, "fields": {"employee": "000001", "clocking_type": "1", "clocking_datetime": "2026-01-13T12:00:00"}}, {"model": "schedule_app.trn_clocking", "pk": 11, "fields": {"employee": "000001", "clocking_type": "3", "clocking_datetime": "2026-01-13T14:00:00"}}, {"model": "schedule_app.trn_clocking", "pk": 12, "fields": {"employee": "000001", "clocking_type": "4", "clocking_datetime": "2026-01-13T14:05:00"}}, {"model": "schedule_app.trn_clocking", "pk": 13, "fields": {"employee": "000001", "clocking_type": "2", "clocking_datetime": "2026-01-13T18:00:00"}}, {"model": "schedule_app.trn_clocking", "pk": 14, "fields": {"employee": "000002", "clocking_type": "1", "clocking_datetime": "2026-01-14T09:00:00"}}, {"model": "schedule_app.trn_clocking", "pk": 15, "fields": {"employee": "000002", "clocking_type": "2", "clocking_datetime": "2026-01-14T18:03:00"}}, {"model": "schedule_app.trn_clocking", "pk": 16, "fields": {"employee": "000003", "clocking_type": "1", "clocking_datetime": "2026-01-14T05:55:00"}}, {"model": "schedule_app.trn_clocking", "pk": 17, "fields": {"employee": "000003", "clocking_type": "2", "clocking_datetime": "2026-01-14T12:25:00"}}, {"model": "schedule_app.trn_clocking", "pk": 18, "fields": {"employee": "000004", "clocking_type": "1", "clocking_datetime": "2026-01-15T23:58:00"}}, {"model": "schedule_app.trn_clocking", "pk": 19, "fields": {"employee": "000004", "clocking_type": "3", "clocking_datetime": "2026-01-14T03:30:00"}}, {"model": "schedule_app.trn_clocking", "pk": 20, "fields": {"employee": "000004", "clocking_type": "4", "clocking_datetime": "2026-01-14T03:35:00"}}, {"model": "schedule_app.trn_clocking", "pk": 21, "fields": {"employee": "000004", "clocking_type": "2", "clocking_datetime": "2026-01-14T06:20:00"}}, {"model": "schedule_app.trn_clocking", "pk": 22, "fields": {"employee": "000004", "clocking_type": "1", "clocking_datetime": "2026-01-14T00:00:00"}}, {"model": "schedule_app.trn_clocking", "pk": 23, "fields": {"employee": "000002", "clocking_type": "3", "clocking_datetime": "2026-01-14T12:34:00"}}, {"model": "schedule_app.trn_clocking", "pk": 24, "fields": {"employee": "000002", "clocking_type": "4", "clocking_datetime": "2026-01-14T13:30:00"}}, {"model": "schedule_app.trn_clocking", "pk": 25, "fields": {"employee": "000006", "clocking_type": "1", "clocking_datetime": "2026-01-15T23:56:00"}}, {"model": "schedule_app.trn_clocking", "pk": 26, "fields": {"employee": "000006", "clocking_type": "2", "clocking_datetime": "2026-01-14T06:25:00"}}, {"model": "schedule_app.trn_clocking", "pk": 27, "fields": {"employee": "000006", "clocking_type": "3", "clocking_datetime": "2026-01-14T03:30:00"}}, {"model": "schedule_app.trn_clocking", "pk": 28, "fields": {"employee": "000006", "clocking_type": "4", "clocking_datetime": "2026-01-14T03:40:00"}}, {"model": "schedule_app.trn_clocking", "pk": 29, "fields": {"employee": "000006", "clocking_type": "1", "clocking_datetime": "2026-01-14T00:01:00"}}, {"model": "schedule_app.trn_daily_attendance", "pk": 3, "fields": {"employee": "000001", "date": "2026-01-14", "attendance_datetime": "2026-01-14T18:00:00", "closing_datetime": "2026-01-14T21:00:00", "worked_hours": 3.0, "break_minutes": 0}}, {"model": "schedule_app.trn_daily_attendance", "pk": 4, "fields": {"employee": "000002", "date": "2026-01-14", "attendance_datetime": "2026-01-14T09:00:00", "closing_datetime": "2026-01-14T18:03:00", "worked_hours": 8.116666666666667, "break_minutes": 56}}, {"model": "schedule_app.trn_daily_attendance", "pk": 5, "fields": {"employee": "000003", "date": "2026-01-14", "attendance_datetime": "2026-01-14T05:55:00", "closing_datetime": "2026-01-14T12:25:00", "worked_hours": 6.5, "break_minutes": 0}}, {"model": "schedule_app.trn_daily_attendance", "pk": 6, "fields": {"employee": "000004", "date": "2026-01-14", "attendance_datetime": "2026-01-14T00:00:00", "closing_datetime": "2026-01-14T06:20:00", "worked_hours": 6.25, "break_minutes": 5}}, {"model": "schedule_app.trn_daily_attendance", "pk": 7, "fields": {"employee": "000006", "date": "2026-01-14", "attendance_datetime": "2026-01-14T00:01:00", "closing_datetime": "2026-01-14T06:25:00", "worked_hours": 6.233333333333333, "break_minutes": 10}}, {"model": "scheduling_app.shiftrequest", "pk": 2, "fields": {"employee": "000001", "user": 2, "date": "2025-12-26", "start_time": null, "end_time": null, "is_day_off": true, "status": "pending"}}, {"model": "scheduling_app.shiftrequest", "pk": 3, "fields": {"employee": "000001", "user": 2, "date": "2025-12-17", "start_time": null, "end_time": null, "is_day_off": true, "status": "pending"}}, {"model": "scheduling_app.shiftrequest", "pk": 6, "fields": {"employee": "000001", "user": 2, "date": "2026-01-13", "start_time": null, "end_time": null, "is_day_off": true, "status": "pending"}}, {"model": "scheduling_app.weeklyschedule", "pk": 1, "fields": {"employee": "000001", "user": 2, "day_of_week": 0, "start_time": "18:00:00", "end_time": "21:00:00", "is_day_off": false}}, {"model": "scheduling_app.weeklyschedule", "pk": 2, "fields": {"employee": "000001", "user": 2, "day_of_week": 1, "start_time": null, "end_time": null, "is_day_off": true}}, {"model": "scheduling_app.weeklyschedule", "pk": 3, "fields": {"employee": "000001", "user": 2, "day_of_week": 2, "start_time": "18:00:00", "end_time": "21:00:00", "is_day_off": false}}, {"model": "scheduling_app.weeklyschedule", "pk": 4, "fields": {"employee": "000001", "user": 2, "day_of_week": 3, "start_time": null, "end_time": null, "is_day_off": true}}, {"model": "scheduling_app.weeklyschedule", "pk": 5, "fields": {"employee": "000001", "user": 2, "day_of_week": 4, "start_time": "18:00:00", "end_time": "21:00:00", "is_day_off": false}}, {"model": "scheduling_app.weeklyschedule", "pk": 6, "fields": {"employee": "000001", "user": 2, "day_of_week": 5, "start_time": "15:00:00", "end_time": "18:00:00", "is_day_off": false}}, {"model": "scheduling_app.weeklyschedule", "pk": 7, "fields": {"employee": "000001", "user": 2, "day_of_week": 6, "start_time": null, "end_time": null, "is_day_off": true}}, {"model": "scheduling_app.weeklyschedule", "pk": 8, "fields": {"employee": "000002", "user": 3, "day_of_week": 0, "start_time": "09:00:00", "end_time": "18:00:00", "is_day_off": false}}, {"model": "scheduling_app.weeklyschedule", "pk": 9, "fields": {"employee": "000002", "user": 3, "day_of_week": 1, "start_time": "09:00:00", "end_time": "18:00:00", "is_day_off": false}}, {"model": "scheduling_app.weeklyschedule", "pk": 10, "fields": {"employee": "000002", "user": 3, "day_of_week": 2, "start_time": "09:00:00", "end_time": "18:00:00", "is_day_off": false}}, {"model": "scheduling_app.weeklyschedule", "pk": 11, "fields": {"employee": "000002", "user": 3, "day_of_week": 3, "start_time": "09:00:00", "end_time": "18:00:00", "is_day_off": false}}, {"model": "scheduling_app.weeklyschedule", "pk": 12, "fields": {"employee": "000002", "user": 3, "day_of_week": 4, "start_time": "09:00:00", "end_time": "18:00:00", "is_day_off": false}}, {"model": "scheduling_app.weeklyschedule", "pk": 13, "fields": {"employee": "000002", "user": 3, "day_of_week": 5, "start_time": null, "end_time": null, "is_day_off": true}}, {"model": "scheduling_app.weeklyschedule", "pk": 14, "fields": {"employee": "000002", "user": 3, "day_of_week": 6, "start_time": null, "end_time": null, "is_day_off": true}}, {"model": "scheduling_app.weeklyschedule", "pk": 15, "fields": {"employee": "000012", "user": 13, "day_of_week": 0, "start_time": "09:00:00", "end_time": "18:00:00", "is_day_off": false}}, {"model": "scheduling_app.weeklyschedule", "pk": 16, "fields": {"employee": "000012", "user": 13, "day_of_week": 1, "start_time": null, "end_time": null, "is_day_off": true}}, {"model": "scheduling_app.weeklyschedule", "pk": 17, "fields": {"employee": "000012", "user": 13, "day_of_week": 2, "start_time": "09:00:00", "end_time": "15:00:00", "is_day_off": false}}, {"model": "scheduling_app.weeklyschedule", "pk": 18, "fields": {"employee": "000012", "user": 13, "day_of_week": 3, "start_time": null, "end_time": null, "is_day_off": true}}, {"model": "scheduling_app.weeklyschedule", "pk": 19, "fields": {"employee": "000012", "user": 13, "day_of_week": 4, "start_time": "09:00:00", "end_time": "18:00:00", "is_day_off": false}}, {"model": "scheduling_app.weeklyschedule", "pk": 20, "fields": {"employee": "000012", "user": 13, "day_of_week": 5, "start_time": "09:00:00", "end_time": "18:00:00", "is_day_off": false}}, {"model": "scheduling_app.weeklyschedule", "pk": 21, "fields": {"employee": "000012", "user": 13, "day_of_week": 6, "start_time": null, "end_time": null, "is_day_off": true}}, {"model": "scheduling_app.weeklyschedule", "pk": 22, "fields": {"employee": "000003", "user": 4, "day_of_week": 0, "start_time": null, "end_time": null, "is_day_off": true}}, {"model": "scheduling_app.weeklyschedule", "pk": 23, "fields": {"employee": "000003", "user": 4, "day_of_week": 1, "start_time": null, "end_time": null, "is_day_off": true}}, {"model": "scheduling_app.weeklyschedule", "pk": 24, "fields": {"employee": "000003", "user": 4, "day_of_week": 2, "start_time": "06:00:00", "end_time": "12:00:00", "is_day_off": false}}, {"model": "scheduling_app.weeklyschedule", "pk": 25, "fields": {"employee": "000003", "user": 4, "day_of_week": 3, "start_time": null, "end_time": null, "is_day_off": true}}, {"model": "scheduling_app.weeklyschedule", "pk": 26, "fields": {"employee": "000003", "user": 4, "day_of_week": 4, "start_time": "09:00:00", "end_time": "18:00:00", "is_day_off": false}}, {"model": "scheduling_app.weeklyschedule", "pk": 27, "fields": {"employee": "000003", "user": 4, "day_of_week": 5, "start_time": "09:00:00", "end_time": "18:00:00", "is_day_off": false}}, {"model": "scheduling_app.weeklyschedule", "pk": 28, "fields": {"employee": "000003", "user": 4, "day_of_week": 6, "start_time": null, "end_time": null, "is_day_off": true}}, {"model": "scheduling_app.weeklyschedule", "pk": 29, "fields": {"employee": "000004", "user": 6, "day_of_week": 0, "start_time": null, "end_time": null, "is_day_off": true}}, {"model": "scheduling_app.weeklyschedule", "pk": 30, "fields": {"employee": "000004", "user": 6, "day_of_week": 1, "start_time": null, "end_time": null, "is_day_off": true}}, {"model": "scheduling_app.weeklyschedule", "pk": 31, "fields": {"employee": "000004", "user": 6, "day_of_week": 2, "start_time": "00:00:00", "end_time": "06:00:00", "is_day_off": false}}, {"model": "scheduling_app.weeklyschedule", "pk": 32, "fields": {"employee": "000004", "user": 6, "day_of_week": 3, "start_time": "09:00:00", "end_time": "06:00:00", "is_day_off": false}}, {"model": "scheduling_app.weeklyschedule", "pk": 33, "fields": {"employee": "000004", "user": 6, "day_of_week": 4, "start_time": "09:00:00", "end_time": "06:00:00", "is_day_off": false}}, {"model": "scheduling_app.weeklyschedule", "pk": 34, "fields": {"employee": "000004", "user": 6, "day_of_week": 5, "start_time": null, "end_time": null, "is_day_off": true}}, {"model": "scheduling_app.weeklyschedule", "pk": 35, "fields": {"employee": "000004", "user": 6, "day_of_week": 6, "start_time": null, "end_time": null, "is_day_off": true}}, {"model": "scheduling_app.weeklyschedule", "pk": 36, "fields": {"employee": "000005", "user": 7, "day_of_week": 0, "start_time": null, "end_time": null, "is_day_off": true}}, {"model": "scheduling_app.weeklyschedule", "pk": 37, "fields": {"employee": "000005", "user": 7, "day_of_week": 1, "start_time": "09:00:00", "end_time": "18:00:00", "is_day_off": false}}, {"model": "scheduling_app.weeklyschedule", "pk": 38, "fields": {"employee": "000005", "user": 7, "day_of_week": 2, "start_time": null, "end_time": null, "is_day_off": true}}, {"model": "scheduling_app.weeklyschedule", "pk": 39, "fields": {"employee": "000005", "user": 7, "day_of_week": 3, "start_time": "18:00:00", "end_time": "00:00:00", "is_day_off": false}}, {"model": "scheduling_app.weeklyschedule", "pk": 40, "fields": {"employee": "000005", "user": 7, "day_of_week": 4, "start_time": null, "end_time": null, "is_day_off": true}}, {"model": "scheduling_app.weeklyschedule", "pk": 41, "fields": {"employee": "000005", "user": 7, "day_of_week": 5, "start_time": "09:00:00", "end_time": "18:00:00", "is_day_off": false}}, {"model": "scheduling_app.weeklyschedule", "pk": 42, "fields": {"employee": "000005", "user": 7, "day_of_week": 6, "start_time": "09:00:00", "end_time": "18:00:00", "is_day_off": false}}, {"model": "scheduling_app.weeklyschedule", "pk": 43, "fields": {"employee": "000006", "user": 8, "day_of_week": 0, "start_time": "00:00:00", "end_time": "06:00:00", "is_day_off": false}}, {"model": "scheduling_app.weeklyschedule", "pk": 44, "fields": {"employee": "000006", "user": 8, "day_of_week": 1, "start_time": null, "end_time": null, "is_day_off": true}}, {"model": "scheduling_app.weeklyschedule", "pk": 45, "fields": {"employee": "000006", "user": 8, "day_of_week": 2, "start_time": "00:00:00", "end_time": "06:00:00", "is_day_off": false}}, {"model": "scheduling_app.weeklyschedule", "pk": 46, "fields": {"employee": "000006", "user": 8, "day_of_week": 3, "start_time": null, "end_time": null, "is_day_off": true}}, {"model": "scheduling_app.weeklyschedule", "pk": 47, "fields": {"employee": "000006", "user": 8, "day_of_week": 4, "start_time": "00:00:00", "end_time": "06:00:00", "is_day_off": false}}, {"model": "scheduling_app.weeklyschedule", "pk": 48, "fields": {"employee": "000006", "user": 8, "day_of_week": 5, "start_time": "09:00:00", "end_time": "18:00:00", "is_day_off": false}}, {"model": "scheduling_app.weeklyschedule", "pk": 49, "fields": {"employee": "000006", "user": 8, "day_of_week": 6, "start_time": null, "end_time": null, "is_day_off": true}}, {"model": "scheduling_app.weeklyschedule", "pk": 50, "fields": {"employee": "000007", "user": 9, "day_of_week": 0, "start_time": null, "end_time": null, "is_day_off": true}}, {"model": "scheduling_app.weeklyschedule", "pk": 51, "fields": {"employee": "000007", "user": 9, "day_of_week": 1, "start_time": "09:00:00", "end_time": "18:00:00", "is_day_off": false}}, {"model": "scheduling_app.weeklyschedule", "pk": 52, "fields": {"employee": "000007", "user": 9, "day_of_week": 2, "start_time": null, "end_time": null, "is_day_off": true}}, {"model": "scheduling_app.weeklyschedule", "pk": 53, "fields": {"employee": "000007", "user": 9, "day_of_week": 3, "start_time": "09:00:00", "end_time": "18:00:00", "is_day_off": false}}, {"model": "scheduling_app.weeklyschedule", "pk": 54, "fields": {"employee": "000007", "user": 9, "day_of_week": 4, "start_time": null, "end_time": null, "is_day_off": true}}, {"model": "scheduling_app.weeklyschedule", "pk": 55, "fields": {"employee": "000007", "user": 9, "day_of_week": 5, "start_time": "09:00:00", "end_time": "18:00:00", "is_day_off": false}}, {"model": "scheduling_app.weeklyschedule", "pk": 56, "fields": {"employee": "000007", "user": 9, "day_of_week": 6, "start_time": "09:00:00", "end_time": "18:00:00", "is_day_off": false}}, {"model": "scheduling_app.weeklyschedule", "pk": 57, "fields": {"employee": "000009", "user": 10, "day_of_week": 0, "start_time": "09:00:00", "end_time": "18:00:00", "is_day_off": false}}, {"model": "scheduling_app.weeklyschedule", "pk": 58, "fields": {"employee": "000009", "user": 10, "day_of_week": 1, "start_time": null, "end_time": null, "is_day_off": true}}, {"model": "scheduling_app.weeklyschedule", "pk": 59, "fields": {"employee": "000009", "user": 10, "day_of_week": 2, "start_time": "09:00:00", "end_time": "18:00:00", "is_day_off": false}}, {"model": "scheduling_app.weeklyschedule", "pk": 60, "fields": {"employee": "000009", "user": 10, "day_of_week": 3, "start_time": null, "end_time": null, "is_day_off": true}}, {"model": "scheduling_app.weeklyschedule", "pk": 61, "fields": {"employee": "000009", "user": 10, "day_of_week": 4, "start_time": "07:00:00", "end_time": "18:00:00", "is_day_off": false}}, {"model": "scheduling_app.weeklyschedule", "pk": 62, "fields": {"employee": "000009", "user": 10, "day_of_week": 5, "start_time": "09:00:00", "end_time": "18:00:00", "is_day_off": false}}, {"model": "scheduling_app.weeklyschedule", "pk": 63, "fields": {"employee": "000009", "user": 10, "day_of_week": 6, "start_time": "12:00:00", "end_time": "18:00:00", "is_day_off": false}}, {"model": "scheduling_app.weeklyschedule", "pk": 64, "fields": {"employee": "000008", "user": 5, "day_of_week": 0, "start_time": "09:00:00", "end_time": "18:00:00", "is_day_off": false}}, {"model": "scheduling_app.weeklyschedule", "pk": 65, "fields": {"employee": "000008", "user": 5, "day_of_week": 1, "start_time": null, "end_time": null, "is_day_off": true}}, {"model": "scheduling_app.weeklyschedule", "pk": 66, "fields": {"employee": "000008", "user": 5, "day_of_week": 2, "start_time": null, "end_time": null, "is_day_off": true}}, {"model": "scheduling_app.weeklyschedule", "pk": 67, "fields": {"employee": "000008", "user": 5, "day_of_week": 3, "start_time": null, "end_time": null, "is_day_off": true}}, {"model": "scheduling_app.weeklyschedule", "pk": 68, "fields": {"employee": "000008", "user": 5, "day_of_week": 4, "start_time": null, "end_time": null, "is_day_off": true}}, {"model": "scheduling_app.weeklyschedule", "pk": 69, "fields": {"employee": "000008", "user": 5, "day_of_week": 5, "start_time": "18:00:00", "end_time": "00:00:00", "is_day_off": false}}, {"model": "scheduling_app.weeklyschedule", "pk": 70, "fields": {"employee": "000008", "user": 5, "day_of_week": 6, "start_time": "12:00:00", "end_time": "18:00:00", "is_day_off": false}}, {"model": "correction_app.trncorrectionrequest", "pk": 1, "fields": {"employee": "000001", "attendance_date": "2025-12-05", "reason": "ああああ", "status": "pending", "original_attendance": null, "requested_at": "2025-12-10T07:48:46.967"}}, {"model": "correction_app.trncorrectionrequest", "pk": 4, "fields": {"employee": "000001", "attendance_date": "2025-12-08", "reason": "kkkk", "status": "pending", "original_attendance": null, "requested_at": "2025-12-15T06:34:47.532"}}, {"model": "correction_app.trncorrectiontime", "pk": 1, "fields": {"request": 1, "punch_time": "2025-12-05T07:48:00", "punch_type": "start", "sequence": 0}}, {"model": "correction_app.trncorrectiontime", "pk": 2, "fields": {"request": 1, "punch_time": "2025-12-05T07:48:00", "punch_type": "end", "sequence": 1}}, {"model": "correction_app.trncorrectiontime", "pk": 4, "fields": {"request": 4, "punch_time": "2025-12-08T09:00:00", "punch_type": "start", "sequence": 0}}, {"model": "correction_app.trncorrectiontime", "pk": 5, "fields": {"request": 4, "punch_time": "2025-12-08T09:00:00", "punch_type": "end", "sequence": 1}}]
